Wage_Date,year,month,Count_Workers
2008-01-01,2008,1,340166
2008-02-01,2008,2,354984
2008-03-01,2008,3,367404
2008-04-01,2008,4,366631
2008-05-01,2008,5,366165
2008-06-01,2008,6,369359
2008-07-01,2008,7,397086
2008-08-01,2008,8,390930
2008-09-01,2008,9,394180
2008-10-01,2008,10,408345
2008-11-01,2008,11,406801
2008-12-01,2008,12,406194
2009-01-01,2009,1,401547
2009-02-01,2009,2,404940
2009-03-01,2009,3,407459
2009-04-01,2009,4,404502
2009-05-01,2009,5,402497
2009-06-01,2009,6,403559
2009-07-01,2009,7,406264
2009-08-01,2009,8,409760
2009-09-01,2009,9,412608
2009-10-01,2009,10,419148
2009-11-01,2009,11,427057
2009-12-01,2009,12,430243
2010-01-01,2010,1,431866
2010-02-01,2010,2,434962
2010-03-01,2010,3,437062
2010-04-01,2010,4,443594
2010-05-01,2010,5,443160
2010-06-01,2010,6,446871
2010-07-01,2010,7,449224
2010-08-01,2010,8,454615
2010-09-01,2010,9,455859
2010-10-01,2010,10,462256
2010-11-01,2010,11,470556
2010-12-01,2010,12,493861
2011-01-01,2011,1,488682
2011-02-01,2011,2,492689
2011-03-01,2011,3,500640
2011-04-01,2011,4,503622
2011-05-01,2011,5,503681
2011-06-01,2011,6,505539
2011-07-01,2011,7,507472
2011-08-01,2011,8,513150
2011-09-01,2011,9,516237
2011-10-01,2011,10,522358
2011-11-01,2011,11,532261
2011-12-01,2011,12,540232
2012-01-01,2012,1,516355
2012-02-01,2012,2,520021
2012-03-01,2012,3,527293
2012-04-01,2012,4,529661
2012-05-01,2012,5,530107
2012-06-01,2012,6,532166
2012-07-01,2012,7,524262
2012-08-01,2012,8,532472
2012-09-01,2012,9,531200
2012-10-01,2012,10,536345
2012-11-01,2012,11,525028
2012-12-01,2012,12,526340
2013-01-01,2013,1,543339
2013-02-01,2013,2,542489
2013-03-01,2013,3,555539
2013-04-01,2013,4,556079
2013-05-01,2013,5,553126
2013-06-01,2013,6,553668
2013-07-01,2013,7,547032
2013-08-01,2013,8,559277
2013-09-01,2013,9,534057
2013-10-01,2013,10,538445
2013-11-01,2013,11,545813
2013-12-01,2013,12,546337
2014-01-01,2014,1,539937
2014-02-01,2014,2,539844
2014-03-01,2014,3,549379
2014-04-01,2014,4,549922
2014-05-01,2014,5,548946
2014-06-01,2014,6,547702
2014-07-01,2014,7,576032
2014-08-01,2014,8,578184
2014-09-01,2014,9,577407
2014-10-01,2014,10,584487
2014-11-01,2014,11,590704
2014-12-01,2014,12,592934
2015-01-01,2015,1,587367
2015-02-01,2015,2,590318
2015-03-01,2015,3,595041
2015-04-01,2015,4,596825
2015-05-01,2015,5,596477
2015-06-01,2015,6,597865
2015-07-01,2015,7,568704
2015-08-01,2015,8,571579
2015-09-01,2015,9,570576
2015-10-01,2015,10,574326
2015-11-01,2015,11,580749
2015-12-01,2015,12,585119
2016-01-01,2016,1,608040
2016-02-01,2016,2,610739
2016-03-01,2016,3,615225
2016-04-01,2016,4,616764
2016-05-01,2016,5,614831
2016-06-01,2016,6,615786
2016-07-01,2016,7,585414
2016-08-01,2016,8,588226
2016-09-01,2016,9,586142
2016-10-01,2016,10,591289
2016-11-01,2016,11,597288
2016-12-01,2016,12,599683
2017-01-01,2017,1,620474
2017-02-01,2017,2,623174
2017-03-01,2017,3,626761
2017-04-01,2017,4,628393
2017-05-01,2017,5,627479
2017-06-01,2017,6,629054
2017-07-01,2017,7,629385
2017-08-01,2017,8,632998
2017-09-01,2017,9,633304
2017-10-01,2017,10,639457
2017-11-01,2017,11,645395
2017-12-01,2017,12,652824
2018-01-01,2018,1,649660
2018-02-01,2018,2,650021
2018-03-01,2018,3,655056
2018-04-01,2018,4,657373
2018-05-01,2018,5,656757
2018-06-01,2018,6,658410
2018-07-01,2018,7,662382
2018-08-01,2018,8,632355
2018-09-01,2018,9,635888
2018-10-01,2018,10,643765
2018-11-01,2018,11,650146
2018-12-01,2018,12,683013
2019-01-01,2019,1,675677
2019-02-01,2019,2,675008
2019-03-01,2019,3,708563
2019-04-01,2019,4,710640
2019-05-01,2019,5,707358
2019-06-01,2019,6,685402
2019-07-01,2019,7,713494
2019-08-01,2019,8,716323
2019-09-01,2019,9,713172
2019-10-01,2019,10,716768
2019-11-01,2019,11,719447
2019-12-01,2019,12,727373
2020-01-01,2020,1,682287
2020-02-01,2020,2,682512
2020-03-01,2020,3,679285
2020-04-01,2020,4,629677
2020-05-01,2020,5,638522
2020-06-01,2020,6,637150
2020-07-01,2020,7,639488
2020-08-01,2020,8,639583
2020-09-01,2020,9,644205
2020-10-01,2020,10,668220
2020-11-01,2020,11,694264
2020-12-01,2020,12,706264
2021-01-01,2021,1,700574
2021-02-01,2021,2,702420
2021-03-01,2021,3,708022
2021-04-01,2021,4,711221
2021-05-01,2021,5,706867
2021-06-01,2021,6,708953
2021-07-01,2021,7,715018
2021-08-01,2021,8,722991
2021-09-01,2021,9,732585
2021-10-01,2021,10,735569
2021-11-01,2021,11,743048
2021-12-01,2021,12,754047
2022-01-01,2022,1,747879
2022-02-01,2022,2,747164
2022-03-01,2022,3,755154
2022-04-01,2022,4,757494
2022-05-01,2022,5,745693
2022-06-01,2022,6,747534
2022-07-01,2022,7,747861
2022-08-01,2022,8,753086
2022-09-01,2022,9,752549
2022-10-01,2022,10,752107
2022-11-01,2022,11,755875
2022-12-01,2022,12,732336
2023-01-01,2023,1,722960
2023-02-01,2023,2,721085
2023-03-01,2023,3,722174
2023-04-01,2023,4,722979
2023-05-01,2023,5,683145
2023-06-01,2023,6,685339
2023-07-01,2023,7,682134
2023-08-01,2023,8,683207
2023-09-01,2023,9,707306
2023-10-01,2023,10,711156
2023-11-01,2023,11,714021
2023-12-01,2023,12,713888
2024-01-01,2024,1,709653
2024-02-01,2024,2,706696
2024-03-01,2024,3,707079
2024-04-01,2024,4,706693
2024-05-01,2024,5,703384
2024-06-01,2024,6,699925
2024-07-01,2024,7,694050
2024-08-01,2024,8,691656
2024-09-01,2024,9,688353
2024-10-01,2024,10,691028
2024-11-01,2024,11,692209
2024-12-01,2024,12,718866
2025-01-01,2025,1,704553
2025-02-01,2025,2,696024
2025-03-01,2025,3,685289
